{
  "model_name": "escm2wc_ipw",
  "model_type": "escm2wc",
  "debiasing": "ipw",
  "config": {
    "embedding_dim": 16,
    "hidden_dims": [
      128,
      64
    ],
    "win_hidden_dims": [
      64,
      32
    ],
    "n_cat_features": 17,
    "n_num_features": 13
  },
  "training_time": 86.5400550365448,
  "epochs": 50,
  "best_val_loss": 1.2009523868560792,
  "test_win_auc": 0.807587852942565,
  "test_ctr_biased_auc": 0.8249525752243283,
  "test_ctr_biased_ece": 0.05056624428652972,
  "test_wctr_auc": 0.8307604550117091,
  "test_wctr_ece": 0.021338247448951006,
  "test_ctr_ieb": 0.029347776077557383,
  "test_wctr_ieb": 0.016778125208020765
}